{"active":["https:\/\/www.chinanews.com\/gn\/2019\/10-25\/8988775.shtml"],"success":[],"collect":{"name":"\u5355\u7f51\u9875\u91c7\u96c6\u793a\u4f8b","type":"1","url":"https:\/\/www.chinanews.com\/gn\/2019\/10-25\/8988775.shtml","begin":"1","end":"100","preg":"\/\\w+\/2019\/\\d{2}-\\d{2}\/\\d+.shtml","thread":"1","engine":"File","callback":"SinglePage","cookies":"","property":[{"key":"content","value":"\/.left_zw\/"},{"key":"p","value":"\/.left_zw p\/"},{"key":"title","value":"\/title\/"}]},"id":"1"}