{"active":[],"success":[{"url":"https:\/\/www.300.cn\/excellent\/1.html","status":1,"time":"1.383"},{"url":"https:\/\/www.300.cn\/excellent\/2.html","status":1,"time":"1.046"},{"url":"https:\/\/www.300.cn\/excellent\/3.html","status":1,"time":"0.677"},{"url":"https:\/\/www.300.cn\/excellent\/4.html","status":1,"time":"0.579"},{"url":"https:\/\/www.300.cn\/excellent\/5.html","status":1,"time":"0.71"},{"url":"https:\/\/www.300.cn\/excellent\/6.html","status":1,"time":"0.604"},{"url":"https:\/\/www.300.cn\/excellent\/7.html","status":1,"time":"0.683"},{"url":"https:\/\/www.300.cn\/excellent\/8.html","status":1,"time":"0.72"},{"url":"https:\/\/www.300.cn\/excellent\/9.html","status":1,"time":"0.661"},{"url":"https:\/\/www.300.cn\/excellent\/10.html","status":1,"time":"0.551"},{"url":"https:\/\/www.300.cn\/excellent\/11.html","status":1,"time":"0.629"},{"url":"https:\/\/www.300.cn\/excellent\/12.html","status":1,"time":"0.589"},{"url":"https:\/\/www.300.cn\/excellent\/13.html","status":1,"time":"0.647"},{"url":"https:\/\/www.300.cn\/excellent\/14.html","status":1,"time":"0.677"},{"url":"https:\/\/www.300.cn\/excellent\/15.html","status":1,"time":"0.721"},{"url":"https:\/\/www.300.cn\/excellent\/16.html","status":1,"time":"0.633"},{"url":"https:\/\/www.300.cn\/excellent\/17.html","status":1,"time":"0.561"},{"url":"https:\/\/www.300.cn\/excellent\/18.html","status":1,"time":"0.683"},{"url":"https:\/\/www.300.cn\/excellent\/19.html","status":1,"time":"0.73"},{"url":"https:\/\/www.300.cn\/excellent\/20.html","status":1,"time":"0.565"},{"url":"https:\/\/www.300.cn\/excellent\/21.html","status":1,"time":"0.529"},{"url":"https:\/\/www.300.cn\/excellent\/22.html","status":1,"time":"0.668"},{"url":"https:\/\/www.300.cn\/excellent\/23.html","status":1,"time":"0.669"},{"url":"https:\/\/www.300.cn\/excellent\/24.html","status":1,"time":"0.523"},{"url":"https:\/\/www.300.cn\/excellent\/25.html","status":1,"time":"0.537"},{"url":"https:\/\/www.300.cn\/excellent\/26.html","status":1,"time":"0.538"},{"url":"https:\/\/www.300.cn\/excellent\/27.html","status":1,"time":"0.547"},{"url":"https:\/\/www.300.cn\/excellent\/28.html","status":1,"time":"0.613"},{"url":"https:\/\/www.300.cn\/excellent\/29.html","status":1,"time":"0.726"},{"url":"https:\/\/www.300.cn\/excellent\/30.html","status":1,"time":"0.702"},{"url":"https:\/\/www.300.cn\/excellent\/31.html","status":1,"time":"0.703"},{"url":"https:\/\/www.300.cn\/excellent\/32.html","status":1,"time":"0.546"},{"url":"https:\/\/www.300.cn\/excellent\/33.html","status":1,"time":"0.699"},{"url":"https:\/\/www.300.cn\/excellent\/34.html","status":1,"time":"0.622"},{"url":"https:\/\/www.300.cn\/excellent\/35.html","status":1,"time":"0.524"},{"url":"https:\/\/www.300.cn\/excellent\/36.html","status":1,"time":"0.561"},{"url":"https:\/\/www.300.cn\/excellent\/37.html","status":1,"time":"0.53"},{"url":"https:\/\/www.300.cn\/excellent\/38.html","status":1,"time":"0.651"},{"url":"https:\/\/www.300.cn\/excellent\/39.html","status":1,"time":"0.515"},{"url":"https:\/\/www.300.cn\/excellent\/40.html","status":1,"time":"0.526"},{"url":"https:\/\/www.300.cn\/excellent\/41.html","status":1,"time":"0.554"},{"url":"https:\/\/www.300.cn\/excellent\/42.html","status":1,"time":"0.593"},{"url":"https:\/\/www.300.cn\/excellent\/43.html","status":1,"time":"0.602"},{"url":"https:\/\/www.300.cn\/excellent\/44.html","status":1,"time":"0.548"},{"url":"https:\/\/www.300.cn\/excellent\/45.html","status":1,"time":"0.519"},{"url":"https:\/\/www.300.cn\/excellent\/46.html","status":1,"time":"0.648"},{"url":"https:\/\/www.300.cn\/excellent\/47.html","status":1,"time":"0.512"},{"url":"https:\/\/www.300.cn\/excellent\/48.html","status":1,"time":"0.533"},{"url":"https:\/\/www.300.cn\/excellent\/49.html","status":1,"time":"0.608"},{"url":"https:\/\/www.300.cn\/excellent\/50.html","status":1,"time":"0.616"},{"url":"https:\/\/www.300.cn\/excellent\/51.html","status":1,"time":"0.542"},{"url":"https:\/\/www.300.cn\/excellent\/52.html","status":1,"time":"0.55"},{"url":"https:\/\/www.300.cn\/excellent\/53.html","status":1,"time":"0.566"},{"url":"https:\/\/www.300.cn\/excellent\/54.html","status":1,"time":"0.552"},{"url":"https:\/\/www.300.cn\/excellent\/55.html","status":1,"time":"0.527"},{"url":"https:\/\/www.300.cn\/excellent\/56.html","status":1,"time":"0.563"},{"url":"https:\/\/www.300.cn\/excellent\/57.html","status":1,"time":"0.518"},{"url":"https:\/\/www.300.cn\/excellent\/58.html","status":1,"time":"0.569"},{"url":"https:\/\/www.300.cn\/excellent\/59.html","status":1,"time":"0.603"},{"url":"https:\/\/www.300.cn\/excellent\/60.html","status":1,"time":"0.682"},{"url":"https:\/\/www.300.cn\/excellent\/61.html","status":1,"time":"0.529"},{"url":"https:\/\/www.300.cn\/excellent\/62.html","status":1,"time":"0.545"},{"url":"https:\/\/www.300.cn\/excellent\/63.html","status":1,"time":"0.633"},{"url":"https:\/\/www.300.cn\/excellent\/64.html","status":1,"time":"0.509"},{"url":"https:\/\/www.300.cn\/excellent\/65.html","status":1,"time":"0.498"},{"url":"https:\/\/www.300.cn\/excellent\/66.html","status":1,"time":"0.66"},{"url":"https:\/\/www.300.cn\/excellent\/67.html","status":1,"time":"0.537"},{"url":"https:\/\/www.300.cn\/excellent\/68.html","status":1,"time":"0.541"},{"url":"https:\/\/www.300.cn\/excellent\/69.html","status":1,"time":"0.52"},{"url":"https:\/\/www.300.cn\/excellent\/70.html","status":1,"time":"0.703"},{"url":"https:\/\/www.300.cn\/excellent\/71.html","status":1,"time":"0.533"},{"url":"https:\/\/www.300.cn\/excellent\/72.html","status":1,"time":"0.55"},{"url":"https:\/\/www.300.cn\/excellent\/73.html","status":1,"time":"0.529"},{"url":"https:\/\/www.300.cn\/excellent\/74.html","status":1,"time":"0.559"},{"url":"https:\/\/www.300.cn\/excellent\/75.html","status":1,"time":"0.508"},{"url":"https:\/\/www.300.cn\/excellent\/76.html","status":1,"time":"0.565"},{"url":"https:\/\/www.300.cn\/excellent\/77.html","status":1,"time":"0.509"},{"url":"https:\/\/www.300.cn\/excellent\/78.html","status":1,"time":"0.545"},{"url":"https:\/\/www.300.cn\/excellent\/79.html","status":1,"time":"0.51"},{"url":"https:\/\/www.300.cn\/excellent\/80.html","status":1,"time":"0.673"},{"url":"https:\/\/www.300.cn\/excellent\/81.html","status":1,"time":"0.527"},{"url":"https:\/\/www.300.cn\/excellent\/82.html","status":1,"time":"0.502"},{"url":"https:\/\/www.300.cn\/excellent\/83.html","status":1,"time":"0.537"},{"url":"https:\/\/www.300.cn\/excellent\/84.html","status":1,"time":"0.515"},{"url":"https:\/\/www.300.cn\/excellent\/85.html","status":1,"time":"0.668"},{"url":"https:\/\/www.300.cn\/excellent\/86.html","status":1,"time":"0.566"},{"url":"https:\/\/www.300.cn\/excellent\/87.html","status":1,"time":"0.512"},{"url":"https:\/\/www.300.cn\/excellent\/88.html","status":1,"time":"0.507"},{"url":"https:\/\/www.300.cn\/excellent\/89.html","status":1,"time":"0.548"},{"url":"https:\/\/www.300.cn\/excellent\/90.html","status":1,"time":"0.516"},{"url":"https:\/\/www.300.cn\/excellent\/91.html","status":1,"time":"0.542"},{"url":"https:\/\/www.300.cn\/excellent\/92.html","status":1,"time":"0.542"},{"url":"https:\/\/www.300.cn\/excellent\/93.html","status":1,"time":"0.517"},{"url":"https:\/\/www.300.cn\/excellent\/94.html","status":1,"time":"0.633"},{"url":"https:\/\/www.300.cn\/excellent\/95.html","status":1,"time":"0.508"},{"url":"https:\/\/www.300.cn\/excellent\/96.html","status":1,"time":"0.711"},{"url":"https:\/\/www.300.cn\/excellent\/97.html","status":1,"time":"0.516"},{"url":"https:\/\/www.300.cn\/excellent\/98.html","status":1,"time":"0.54"},{"url":"https:\/\/www.300.cn\/excellent\/99.html","status":1,"time":"0.564"},{"url":"https:\/\/www.300.cn\/excellent\/100.html","status":1,"time":"0.515"}],"collect":{"name":"\u6392\u5e8f\u6a21\u5f0f\u91c7\u96c6\u793a\u4f8b","type":"3","url":"https:\/\/www.chinanews.com\/gn\/2019\/10-25\/8988775.shtml","begin":"1","end":"100","preg":"https:\/\/www.300.cn\/excellent\/{\u5e8f\u53f7}.html","thread":"1","engine":"File","callback":"SortPage","cookies":"","property":[{"key":"title","value":"\/.case-show-title\/"},{"key":"content","value":"\/.case-show-des\/"}]},"id":3}